/OneEventForm/* 200! Role=user
/tithetest/signup/ 200! Role=user
/mygroups/ 200! Role=user
/eventform/list/ 200! Role=user
/eventform/one/ 200! Role=user
/30-day-trial/sign-up/ 200! Role=user
/ChrisEventList 200! Role=user
/otgallwomancampspring2019 200! Role=user
/Test_Family_Picker 200! Role=user
/form-4-1-14-2020/	200! Role=user
/testform-2020	200! Role=user
/john-spouse-test	200! Role=user
/Test_WizardTestForm	200! Role=user
/spouse-form-test	200! Role=user
/404tithechallenge/	200! Role=user
/olgatest1	200! Role=user
/olgatest	200! Role=user
/east-side-sm-baptism-signup	200! Role=user
/east-side-sm-baptism-signup-confirmation	200! Role=user
/tfd-signup/	200! Role=user
/huddle-updates/huddle-updates-confirmation-page/	200! Role=user
/bzmfredtest	200! Role=user
/crossroads-user-groups/	200! Role=user
/mason-senior-connection/mason-senior-connection-confirmation/	200! Role=user
/preschool-five-days-late/	200! Role=user
/preschool-two-days-full/	200! Role=user
/preschool-five-days/	200! Role=user
/preschool-three-days-late/	200! Role=user
/preschool-two-days/	200! Role=user
/preschool-three-days/	200! Role=user
/preschool-two-days-late/	200! Role=user
/preschool-three-days-full/	200! Role=user
/preschool-five-days-full/	200! Role=user
/care/weddings/building-blocks-for-marriage/signup/	200! Role=user
/undivided-next-steps-facilitator/	200! Role=user
/east-side-senior-connection/	200! Role=user
/kids-club-move-up/	200! Role=user
/undivided-next-steps-justice-team/	200! Role=user
/oakley-site-summit-january-2/	200! Role=user
/mason-site-summit-2019/	200! Role=user
/florence-site-summit/	200! Role=user
/ws-site-summit/	200! Role=user
/es-site-summit/	200! Role=user
/dayton-site-summit/	200! Role=user
/uptown-site-summit/	200! Role=user
/huddle-updates/	200! Role=user
/mason-senior-connection/	200! Role=user
/im-in-celebration-rsvp-anywhere/	200! Role=user
/huddle-interest-winter-2019/	200! Role=user
/im-in-celebration-rsvp/	200! Role=user
/mc-mash-team-signup/	200! Role=user
/cc-ministry-team-signup/	200! Role=user
/oakley-senior-connection-signup/	200! Role=user
/preschool/register/	200! Role=user
/west-side-senior-connection/	200! Role=user
/anywhere-site-summit-2019/	200! Role=user
/anywhere-site-summit-2019/anywhere-site-summit-confirmation-page/	200! Role=user
/oxford-site-summit-2019/	200! Role=user
/im-in-celebration-rsvp-cky/	200! Role=user
/cky-site-summit/	200! Role=user
/cky-site-summit/cky-site-summit-confirmation-page/	200! Role=user
/im-in-celebration-rsvp-cky/im-in-celebration-rsvp-confirmation-anywhere	200! Role=user
/im-in-celebration-rsvp/im-in-celebration-rsvp-confirmation/	200! Role=user
/healing/eyeswideopen/payment	200! Role=user
/im-in-celebration-rsvp-cky/im-in-celebration-rsvp-confirmation-cky/	200! Role=user
/uptownleaderacceleratorconfirmation	200! Role=user
/cc-hq-signup/	200! Role=user
/mc-hq-signup/	200! Role=user
/wc-prayer-warriors-signup/	200! Role=user
/wc-tent-decor-team-signups/	200! Role=user
/wc-lead-team-signup/	200! Role=user
/mancamp/signupprepaid	200! Role=user
/mc-medic-signup/	200! Role=user
/mc-trip-captain-signup/	200! Role=user
/cc-medic-signup/	200! Role=user
/cgd-whizkids/	200! Role=user
/couplescamp/prepaid	200! Role=user
/fathersoncamp/signup	200! Role=user
/wcfeastteam	200! Role=user
/preschool-three-days-discounted/	200! Role=user
/preschool-two-days-discounted/	200! Role=user
/cc-camp-leads-signup/	200! Role=user
/mancamp/signupserve/	200! Role=user
/fathersoncamp/signupbefore	200! Role=user
/fscvolunteer/signup	200! Role=user
/womancamp/prepaid	200! Role=user
/womancamp/signupother/unpublished	200! Role=user
/cardsforhumanity/download-cards-for-humanity/	200! Role=user
/wc-medic-signup/	200! Role=user
/wc-campsite-host-signup/	200! Role=user
/manveterancamp/volunteer/signup	200! Role=user
/manveterancamp/signup/	200! Role=user
/lexington/baptisminfosession/	200! Role=user
/lexington/coffeetalk/	200! Role=user
/collegecamp/signupbefore	200! Role=user
/collegecamp/signupafter/	200! Role=user
/collegecamp/signup/	200! Role=user
/collegecamp/volunteer/signup/	200! Role=user
/huddleleadertraining	200! Role=user
/preschool/supplyfee2day/	200! Role=user
/preschool/supplyfee3day/	200! Role=user
/preschool/supplyfee5day/	200! Role=user
/collegecamp/signupprepaid8x3rf92TN107/	200! Role=user
/couplescamp/signupafter/	200! Role=user
/collegecamp/signupother	200! Role=user
/manveterancamp/signupother	200! Role=user
/smcamptrainingconfirmation	200! Role=user
/manveterancamp/signupprepaid8x3rf92TN107	200! Role=user
/coffeetalkconfirmation/	200! Role=user
/smcamptraining	200! Role=user
/kidsclubmoveup/	200! Role=user
/fsvolunteerforfsc/signup/	200! Role=user
/womancamp/signupnow/	200! Role=user
/pwn-form	200! Role=user
/structured-data-only	200! Role=user
/no-payment-form	200! Role=user
/automation-test-form	200! Role=user
/vict091319-event-list-test-form	200! Role=user
/092319familypickertest	200! Role=user
/90DTCtest/	200! Role=user
/test-90-Day-Challenge/form/	200! Role=user
/09092019tithechallengetest	200! Role=user
/1920testform/signup/	200! Role=user
/uptownleaderaccelerator	200! Role=user
/manvetcamp/prepaidregistrationconfirmation	200! Role=user
/collegecamp/prepaidregistrationconfirmation/	200! Role=user
/woletes1	200! Role=user
/tithe/signup	200! Role=user
/101619victorgrouptest	200! Role=user
/101619familypickertest	200! Role=user
/jake-nah	200! Role=user
/test-form01	200! Role=user
/11-14-2019-test-family-form-with-pmt	200! Role=user
/pmt-test-form	200! Role=user
/test-family-form-without-attachments	200! Role=user
/group-renew	200! Role=user
/formtest101/bhagat	200! Role=user
/wizard-test	200! Role=user
/summercampauditoriumteam/signup	200! Role=user
/emailtest	/signin?redirectUrl%3D%2Femailtest	302!
/OneEventForm	/signin?redirectUrl%3D%2FOneEventForm	302!
/tithetest/signup	/signin?redirectUrl%3D%2Ftithetest%2Fsignup	302!
/mygroups	/signin?redirectUrl%3D%2Fmygroups	302!
/eventform/list	/signin?redirectUrl%3D%2Feventform%2Flist	302!
/eventform/one	/signin?redirectUrl%3D%2Feventform%2Fone	302!
/30-day-trial/sign-up	/signin?redirectUrl%3D%2F30-day-trial%2Fsign-up	302!
/ChrisEventList	/signin?redirectUrl%3D%2FChrisEventList	302!
/otgallwomancampspring2019	/signin?redirectUrl%3D%2Fotgallwomancampspring2019	302!
/Test_Family_Picker	/signin?redirectUrl%3D%2FTest_Family_Picker	302!
/form-4-1-14-2020/	/signin?redirectUrl%3D%2Fform-4-1-14-2020%2F	302!
/testform-2020	/signin?redirectUrl%3D%2Ftestform-2020	302!
/john-spouse-test	/signin?redirectUrl%3D%2Fjohn-spouse-test	302!
/Test_WizardTestForm	/signin?redirectUrl%3D%2FTest_WizardTestForm	302!
/spouse-form-test	/signin?redirectUrl%3D%2Fspouse-form-test	302!
/404tithechallenge/	/signin?redirectUrl%3D%2F404tithechallenge%2F	302!
/olgatest1	/signin?redirectUrl%3D%2Folgatest1	302!
/olgatest	/signin?redirectUrl%3D%2Folgatest	302!
/east-side-sm-baptism-signup	/signin?redirectUrl%3D%2Feast-side-sm-baptism-signup	302!
/east-side-sm-baptism-signup-confirmation	/signin?redirectUrl%3D%2Feast-side-sm-baptism-signup-confirmation	302!
/tfd-signup/	/signin?redirectUrl%3D%2Ftfd-signup%2F	302!
/huddle-updates/huddle-updates-confirmation-page/	/signin?redirectUrl%3D%2Fhuddle-updates%2Fhuddle-updates-confirmation-page%2F	302!
/bzmfredtest	/signin?redirectUrl%3D%2Fbzmfredtest	302!
/crossroads-user-groups/	/signin?redirectUrl%3D%2Fcrossroads-user-groups%2F	302!
/mason-senior-connection/mason-senior-connection-confirmation/	/signin?redirectUrl%3D%2Fmason-senior-connection%2Fmason-senior-connection-confirmation%2F	302!
/preschool-five-days-late/	/signin?redirectUrl%3D%2Fpreschool-five-days-late%2F	302!
/preschool-two-days-full/	/signin?redirectUrl%3D%2Fpreschool-two-days-full%2F	302!
/preschool-five-days/	/signin?redirectUrl%3D%2Fpreschool-five-days%2F	302!
/preschool-three-days-late/	/signin?redirectUrl%3D%2Fpreschool-three-days-late%2F	302!
/preschool-two-days/	/signin?redirectUrl%3D%2Fpreschool-two-days%2F	302!
/preschool-three-days/	/signin?redirectUrl%3D%2Fpreschool-three-days%2F	302!
/preschool-two-days-late/	/signin?redirectUrl%3D%2Fpreschool-two-days-late%2F	302!
/preschool-three-days-full/	/signin?redirectUrl%3D%2Fpreschool-three-days-full%2F	302!
/preschool-five-days-full/	/signin?redirectUrl%3D%2Fpreschool-five-days-full%2F	302!
/care/weddings/building-blocks-for-marriage/signup/	/signin?redirectUrl%3D%2Fcare%2Fweddings%2Fbuilding-blocks-for-marriage%2Fsignup%2F	302!
/undivided-next-steps-facilitator/	/signin?redirectUrl%3D%2Fundivided-next-steps-facilitator%2F	302!
/east-side-senior-connection/	/signin?redirectUrl%3D%2Feast-side-senior-connection%2F	302!
/kids-club-move-up/	/signin?redirectUrl%3D%2Fkids-club-move-up%2F	302!
/undivided-next-steps-justice-team/	/signin?redirectUrl%3D%2Fundivided-next-steps-justice-team%2F	302!
/oakley-site-summit-january-2/	/signin?redirectUrl%3D%2Foakley-site-summit-january-2%2F	302!
/mason-site-summit-2019/	/signin?redirectUrl%3D%2Fmason-site-summit-2019%2F	302!
/florence-site-summit/	/signin?redirectUrl%3D%2Fflorence-site-summit%2F	302!
/ws-site-summit/	/signin?redirectUrl%3D%2Fws-site-summit%2F	302!
/es-site-summit/	/signin?redirectUrl%3D%2Fes-site-summit%2F	302!
/dayton-site-summit/	/signin?redirectUrl%3D%2Fdayton-site-summit%2F	302!
/uptown-site-summit/	/signin?redirectUrl%3D%2Fuptown-site-summit%2F	302!
/huddle-updates/	/signin?redirectUrl%3D%2Fhuddle-updates%2F	302!
/mason-senior-connection/	/signin?redirectUrl%3D%2Fmason-senior-connection%2F	302!
/im-in-celebration-rsvp-anywhere/	/signin?redirectUrl%3D%2Fim-in-celebration-rsvp-anywhere%2F	302!
/huddle-interest-winter-2019/	/signin?redirectUrl%3D%2Fhuddle-interest-winter-2019%2F	302!
/im-in-celebration-rsvp/	/signin?redirectUrl%3D%2Fim-in-celebration-rsvp%2F	302!
/mc-mash-team-signup/	/signin?redirectUrl%3D%2Fmc-mash-team-signup%2F	302!
/cc-ministry-team-signup/	/signin?redirectUrl%3D%2Fcc-ministry-team-signup%2F	302!
/oakley-senior-connection-signup/	/signin?redirectUrl%3D%2Foakley-senior-connection-signup%2F	302!
/preschool/register/	/signin?redirectUrl%3D%2Fpreschool%2Fregister%2F	302!
/west-side-senior-connection/	/signin?redirectUrl%3D%2Fwest-side-senior-connection%2F	302!
/anywhere-site-summit-2019/	/signin?redirectUrl%3D%2Fanywhere-site-summit-2019%2F	302!
/anywhere-site-summit-2019/anywhere-site-summit-confirmation-page/	/signin?redirectUrl%3D%2Fanywhere-site-summit-2019%2Fanywhere-site-summit-confirmation-page%2F	302!
/oxford-site-summit-2019/	/signin?redirectUrl%3D%2Foxford-site-summit-2019%2F	302!
/im-in-celebration-rsvp-cky/	/signin?redirectUrl%3D%2Fim-in-celebration-rsvp-cky%2F	302!
/cky-site-summit/	/signin?redirectUrl%3D%2Fcky-site-summit%2F	302!
/cky-site-summit/cky-site-summit-confirmation-page/	/signin?redirectUrl%3D%2Fcky-site-summit%2Fcky-site-summit-confirmation-page%2F	302!
/im-in-celebration-rsvp-cky/im-in-celebration-rsvp-confirmation-anywhere	/signin?redirectUrl%3D%2Fim-in-celebration-rsvp-cky%2Fim-in-celebration-rsvp-confirmation-anywhere	302!
/im-in-celebration-rsvp/im-in-celebration-rsvp-confirmation/	/signin?redirectUrl%3D%2Fim-in-celebration-rsvp%2Fim-in-celebration-rsvp-confirmation%2F	302!
/healing/eyeswideopen/payment	/signin?redirectUrl%3D%2Fhealing%2Feyeswideopen%2Fpayment	302!
/im-in-celebration-rsvp-cky/im-in-celebration-rsvp-confirmation-cky/	/signin?redirectUrl%3D%2Fim-in-celebration-rsvp-cky%2Fim-in-celebration-rsvp-confirmation-cky%2F	302!
/uptownleaderacceleratorconfirmation	/signin?redirectUrl%3D%2Fuptownleaderacceleratorconfirmation	302!
/cc-hq-signup/	/signin?redirectUrl%3D%2Fcc-hq-signup%2F	302!
/mc-hq-signup/	/signin?redirectUrl%3D%2Fmc-hq-signup%2F	302!
/wc-prayer-warriors-signup/	/signin?redirectUrl%3D%2Fwc-prayer-warriors-signup%2F	302!
/wc-tent-decor-team-signups/	/signin?redirectUrl%3D%2Fwc-tent-decor-team-signups%2F	302!
/wc-lead-team-signup/	/signin?redirectUrl%3D%2Fwc-lead-team-signup%2F	302!
/mancamp/signupprepaid	/signin?redirectUrl%3D%2Fmancamp%2Fsignupprepaid	302!
/mc-medic-signup/	/signin?redirectUrl%3D%2Fmc-medic-signup%2F	302!
/mc-trip-captain-signup/	/signin?redirectUrl%3D%2Fmc-trip-captain-signup%2F	302!
/cc-medic-signup/	/signin?redirectUrl%3D%2Fcc-medic-signup%2F	302!
/cgd-whizkids/	/signin?redirectUrl%3D%2Fcgd-whizkids%2F	302!
/couplescamp/prepaid	/signin?redirectUrl%3D%2Fcouplescamp%2Fprepaid	302!
/fathersoncamp/signup	/signin?redirectUrl%3D%2Ffathersoncamp%2Fsignup	302!
/wcfeastteam	/signin?redirectUrl%3D%2Fwcfeastteam	302!
/preschool-three-days-discounted/	/signin?redirectUrl%3D%2Fpreschool-three-days-discounted%2F	302!
/preschool-two-days-discounted/	/signin?redirectUrl%3D%2Fpreschool-two-days-discounted%2F	302!
/cc-camp-leads-signup/	/signin?redirectUrl%3D%2Fcc-camp-leads-signup%2F	302!
/mancamp/signupserve/	/signin?redirectUrl%3D%2Fmancamp%2Fsignupserve%2F	302!
/fathersoncamp/signupbefore	/signin?redirectUrl%3D%2Ffathersoncamp%2Fsignupbefore	302!
/fscvolunteer/signup	/signin?redirectUrl%3D%2Ffscvolunteer%2Fsignup	302!
/womancamp/prepaid	/signin?redirectUrl%3D%2Fwomancamp%2Fprepaid	302!
/womancamp/signupother/unpublished	/signin?redirectUrl%3D%2Fwomancamp%2Fsignupother%2Funpublished	302!
/cardsforhumanity/download-cards-for-humanity/	/signin?redirectUrl%3D%2Fcardsforhumanity%2Fdownload-cards-for-humanity%2F	302!
/wc-medic-signup/	/signin?redirectUrl%3D%2Fwc-medic-signup%2F	302!
/wc-campsite-host-signup/	/signin?redirectUrl%3D%2Fwc-campsite-host-signup%2F	302!
/manveterancamp/volunteer/signup	/signin?redirectUrl%3D%2Fmanveterancamp%2Fvolunteer%2Fsignup	302!
/manveterancamp/signup/	/signin?redirectUrl%3D%2Fmanveterancamp%2Fsignup%2F	302!
/lexington/baptisminfosession/	/signin?redirectUrl%3D%2Flexington%2Fbaptisminfosession%2F	302!
/lexington/coffeetalk/	/signin?redirectUrl%3D%2Flexington%2Fcoffeetalk%2F	302!
/collegecamp/signupbefore	/signin?redirectUrl%3D%2Fcollegecamp%2Fsignupbefore	302!
/collegecamp/signupafter/	/signin?redirectUrl%3D%2Fcollegecamp%2Fsignupafter%2F	302!
/collegecamp/signup/	/signin?redirectUrl%3D%2Fcollegecamp%2Fsignup%2F	302!
/collegecamp/volunteer/signup/	/signin?redirectUrl%3D%2Fcollegecamp%2Fvolunteer%2Fsignup%2F	302!
/huddleleadertraining	/signin?redirectUrl%3D%2Fhuddleleadertraining	302!
/preschool/supplyfee2day/	/signin?redirectUrl%3D%2Fpreschool%2Fsupplyfee2day%2F	302!
/preschool/supplyfee3day/	/signin?redirectUrl%3D%2Fpreschool%2Fsupplyfee3day%2F	302!
/preschool/supplyfee5day/	/signin?redirectUrl%3D%2Fpreschool%2Fsupplyfee5day%2F	302!
/collegecamp/signupprepaid8x3rf92TN107/	/signin?redirectUrl%3D%2Fcollegecamp%2Fsignupprepaid8x3rf92TN107%2F	302!
/couplescamp/signupafter/	/signin?redirectUrl%3D%2Fcouplescamp%2Fsignupafter%2F	302!
/collegecamp/signupother	/signin?redirectUrl%3D%2Fcollegecamp%2Fsignupother	302!
/manveterancamp/signupother	/signin?redirectUrl%3D%2Fmanveterancamp%2Fsignupother	302!
/smcamptrainingconfirmation	/signin?redirectUrl%3D%2Fsmcamptrainingconfirmation	302!
/manveterancamp/signupprepaid8x3rf92TN107	/signin?redirectUrl%3D%2Fmanveterancamp%2Fsignupprepaid8x3rf92TN107	302!
/coffeetalkconfirmation/	/signin?redirectUrl%3D%2Fcoffeetalkconfirmation%2F	302!
/smcamptraining	/signin?redirectUrl%3D%2Fsmcamptraining	302!
/kidsclubmoveup/	/signin?redirectUrl%3D%2Fkidsclubmoveup%2F	302!
/fsvolunteerforfsc/signup/	/signin?redirectUrl%3D%2Ffsvolunteerforfsc%2Fsignup%2F	302!
/womancamp/signupnow/	/signin?redirectUrl%3D%2Fwomancamp%2Fsignupnow%2F	302!
/pwn-form	/signin?redirectUrl%3D%2Fpwn-form	302!
/structured-data-only	/signin?redirectUrl%3D%2Fstructured-data-only	302!
/no-payment-form	/signin?redirectUrl%3D%2Fno-payment-form	302!
/automation-test-form	/signin?redirectUrl%3D%2Fautomation-test-form	302!
/vict091319-event-list-test-form	/signin?redirectUrl%3D%2Fvict091319-event-list-test-form	302!
/092319familypickertest	/signin?redirectUrl%3D%2F092319familypickertest	302!
/90DTCtest/	/signin?redirectUrl%3D%2F90DTCtest%2F	302!
/test-90-Day-Challenge/form/	/signin?redirectUrl%3D%2Ftest-90-Day-Challenge%2Fform%2F	302!
/09092019tithechallengetest	/signin?redirectUrl%3D%2F09092019tithechallengetest	302!
/1920testform/signup/	/signin?redirectUrl%3D%2F1920testform%2Fsignup%2F	302!
/uptownleaderaccelerator	/signin?redirectUrl%3D%2Fuptownleaderaccelerator	302!
/manvetcamp/prepaidregistrationconfirmation	/signin?redirectUrl%3D%2Fmanvetcamp%2Fprepaidregistrationconfirmation	302!
/collegecamp/prepaidregistrationconfirmation/	/signin?redirectUrl%3D%2Fcollegecamp%2Fprepaidregistrationconfirmation%2F	302!
/woletes1	/signin?redirectUrl%3D%2Fwoletes1	302!
/tithe/signup	/signin?redirectUrl%3D%2Ftithe%2Fsignup	302!
/101619victorgrouptest	/signin?redirectUrl%3D%2F101619victorgrouptest	302!
/101619familypickertest	/signin?redirectUrl%3D%2F101619familypickertest	302!
/jake-nah	/signin?redirectUrl%3D%2Fjake-nah	302!
/test-form01	/signin?redirectUrl%3D%2Ftest-form01	302!
/11-14-2019-test-family-form-with-pmt	/signin?redirectUrl%3D%2F11-14-2019-test-family-form-with-pmt	302!
/pmt-test-form	/signin?redirectUrl%3D%2Fpmt-test-form	302!
/test-family-form-without-attachments	/signin?redirectUrl%3D%2Ftest-family-form-without-attachments	302!
/group-renew	/signin?redirectUrl%3D%2Fgroup-renew	302!
/formtest101/bhagat	/signin?redirectUrl%3D%2Fformtest101%2Fbhagat	302!
/wizard-test	/signin?redirectUrl%3D%2Fwizard-test	302!
/summercampauditoriumteam/signup	/signin?redirectUrl%3D%2Fsummercampauditoriumteam%2Fsignup	302!
/give	/giving	302!
/groups/search	/connect	302
/profile/personal	/profile/personal-info	302
/profile/	/profile/personal-info	302
/people	/connect	302!
/groups/search/my/	/connect/?filters%3DAt%2520Home%2520Groups%253D%26my%3D1	302
/smallgrouptool	/groups/search	302
/cgdanywhere	/reachout/local/cgdanywhere	302
/anywhere	/live	302
/christmasgiftdrive	/reachout/local/christmas-gift-drive/	302
/cgd	/reachout/local/christmas-gift-drive/	302
https://www.crossroads.net/christmas	https://www.crossroads.net/	302
/Christmas	/	302
/spark/invite/	/spark/	302
/go-volunteer/oldcincy/	/golocal/	302
/serve/serving-roles/	/serve/	302
/fallfeast/	/reachout/local/thanksgiving-day-fall-feast/	302
/aboutgiving/	/giving/	302
/estategiving/	/giving/	302
/goindia/	/reachout/go/india/	302
/diner/	/reachout/local/the-diner/	302
/outlet/	/reachout/local/the-outlet/	302
/iamjourney/	/whats-your-iam-statement/	302
/wheels/	/reachout/local/wheels/	302
/reachout/local/angel-tree/	/reachout/local/christmas-gift-drive/	302
/angeltree/	/reachout/local/christmas-gift-drive/	302
/whizkids/	/reachout/local/whiz-kids/	302
/awaited/	http://awaitedshow.com/	302
/gonola/	/reachout/go/new-orleans/	302
/gosouthafrica/	/reachout/go/south-africa/	302
/safefamilies/	/reachout/local/safe-families/	302
/healing/	/onsitegroups/	302
/trips/	/reachout/go/	302
/go-somewhere/	/reachout/go/	302
/prisonministry/	/reachout/local/prison-ministry/	302
/gocincinnati/	/golocal/	302
/clifton/	/uptown/	302
/go-volunteer/	/golocal/	302
/evecenter/	/reachout/local/eve-center/	302
/groupsummitleader/	/groupleadersummit/	302
/andoverpreschool/	/preschool/	302
/financialpeace/	/onsitegroups/financial-peace-university/	302
/nextsteps/	302
/cg/	/onsitegroups/	302
/hg/	/onsitegroups/	302
/gotripgiving/	/trips/search/	302
/go/	/reachout/go/	302
/hs/	/highschool/	302
/ms/	/middleschool/	302
/makeithappen/	/serve/	302
/imin/	https://www.crossroads.net/leaveyourmark	302
/groupleaderresources/	/groups/leader/resources/	302
/infosession/	/reachout/go/info-session/	302
/masonrace/	https://racepenguin.com/events/crossroadswerun/	302
/infosessions/	/reachout/go/info-session/	302
/academy/	/reachout/local/the-academy/	302
/baptisms/	/baptism/	302
/contextlive/	/sevenhills/	302
/christmasathome/	/christmasday/	302
/gohouston/	/reachout/go/houston/	302
/stream/	https://www.youtube.com/watch?v%3DjBQ-02A1CdU	302
/apple-app-site-association/	https://crossroads-assets.s3.amazonaws.com/universal_linking/apple-app-site-association	302
/journey/	/obsessed/	302
/selfie/	https://selfie.crossroads.net	302
/program/	https://www.crossroads.net/updates	302
/gonicaragua/	/reachout/go/nicaragua/	302
/facilitiesapp/	https://facilities.crossroads.apps.blackpulp.com/events	302
/thehangout/	https://docs.google.com/forms/d/e/1FAIpQLSdhO6PrL2gcx5DdRvQmkEVh43Xp9is7BCHswgwrqEHqR5I9ZA/viewform	302
/thechaser/	/the-chaser/	302
/poolparty/	https://docs.google.com/forms/d/e/1FAIpQLSf5zqVQymS1RN_eaDKv3yWbGi2Y7JnffzYHXSRu9PhR1xcMSg/viewform?usp%3Dsf_link	302
/fireworks/	https://www.facebook.com/events/440846116357767/	302
/wayfinder/	http://sgwayfinder.com	302
/5marks/	http://briantome.com	302
/undividednext/	/undivided/undivided-next-steps/	302
/fivemarks/	http://briantome.com	302
/weekofprayerandfasting/	/prayerandfasting/	302
/movienight/	https://www.facebook.com/events/427325384427792/?active_tab%3Dabout	302
/fivemarksofaman/	http://briantome.com	302
/gotrips/	/reachout/go/	302
/projects/	/marketing/	302
/goindianewsletter/	https://share.hsforms.com/1WmumtknWQTarFpvcqoGNsA2dls1	302
/undividedsurvey/	https://ucisocsci.az1.qualtrics.com/jfe/form/SV_6W1R30fQuC1LK2F	302
/tfd/	/reachout/local/thanksgiving-food-drive/	302
/goindia/indiahistory/	/reachout/go/india/	302
/go-volunteer/cincinnati/	/golocal/	302
/kidsclub	https://crossroadskidsclub.net/	302
/andover	/lexington	302
/andoveronsitegroups	/lexingtononsitegroups	302
/students	/studentministry	302
/student	/studentministry	302
/camp/	/camps/	302
/ministrybasics	/ministrytraining	302
/downtownlex	/downtown	302
/serve	/volunteer	302
/firstimpressions	/volunteer/first-impressions	302
/communitycare	/care	302
/incidentreport	https://docs.google.com/forms/d/e/1FAIpQLSdrwh12dg23wiO2yvnFf4tujNMINxMiuwSlBsNGrAgAhuxoXA/viewform?usp%3Dsf_link	302
/fearisaliar/	https://www.crossroads.net/series/fear-is-a-liar	302
/real	https://www.crossroads.net/media/series/real-encounters-with-god	302
/videos	https://www.crossroads.net/media/videos/	302
/chaser	https://www.crossroads.net/media/the-chaser/	302
/articles/	https://www.crossroads.net/media/articles/	302
/realencounters/season-2	https://www.crossroads.net/media/series/real-encounters-with-god-season-2	302
/realencounters	https://www.crossroads.net/media/series/real-encounters-with-god-season-2	302
/briantome/	https://www.crossroads.net/media/authors/brian-tome	302
/whatever-pleases-you/	https://www.crossroads.net/media/albums/whatever-pleases-you	302
/the-chaser	https://www.crossroads.net/media/the-chaser	302
/thechaser	https://www.crossroads.net/media/the-chaser	302
/getinvolved	/get-involved	302
/locations/16	/oxford	302
/locations/24	/downtown	302
/locations/18	/georgetown	302
/locations/19	/richmond	302
/locations/11	/uptown	302
/locations/21	/lexington	302
/locations/6	/mason	302
/locations/23	/columbus	302
/locations/17	/eastside	302
/locations/8	/westside	302
/locations/7	/florence	302
/locations/22	/dayton	302
/locations/1	/oakley	302
/series	https://int.crossroads.net/media/series/	302
/groups/chaser	/connect/?filters%3DAt%2520Home%2520Groups%255BGroup%2520Category%255D%255B0%255D%253DChaser	302
/groups/journey	/connect/?filters%3DAt%2520Home%2520Groups%255BGroup%2520Category%255D%255B0%255D%253DJourney	302
/music/	https://int.crossroads.net/media/music/	302
https://int.crossroads.net/media/articles/jb-test	https://int.crossroads.net/media/podcasts/ikr/the-way-of-self-image-and-identity	302!
/notgroupleader	/group-leader/home	302
/get-involved	/get-connected	302
/spouse-invite-landing inviteId=:inviteId response=decline	/spouse-invite-landing/?inviteId%3D%3AinviteId%26response%3Ddecline	200!
/spouse-invite-landing inviteId=:inviteId	/spouse-invite-landing/?inviteId%3D%3AinviteId	200! Role=user
/spouse-invite-landing inviteId=:inviteId	/spouse-invite-login/?inviteId%3D%3AinviteId%26redirectUrl%3D%2Fspouse-invite-landing%3FinviteId%3D%3AinviteId	302!
http://crossroads.net/*	https://www.crossroads.net/:splat	301!
https://crossroads.net/*	https://www.crossroads.net/:splat	301!
http://int.crossroads.net/*	https://int.crossroads.net/:splat	301!
https://discipleship.crossroads.net/*	https://www.crossroads.net/huddle	301!
/components/*	https://components-int.crossroads.net/dist/:splat	200!
/undivided-training	https://undivided.netlify.app	301!
/people/*	https://people-int.crossroads.net/:splat	200!
/hubspot-subscribe-form-embed	/media/hubspot-subscribe-form-embed	301!
/sevenhills	/seven-hills	301!
/whatwebelieve	/what-we-believe	301!
/statementoffaith	/statement-of-faith	301!
/ourhistory	/our-history	301!
/spiritualoutfitters	/spiritual-outfitters	301!
/30daytrial	/30-day-trial	301!
/30daytrial/sign-up	/30-day-trial/sign-up	301!
/connect/?my%3D1	/mygroups	301!
/connect/* my=:1	/mygroups	301!
/connect/*	https://connect-int.crossroads.net/:splat	200!
/group-leader/*	https://group-leader-int.crossroads.net/:splat	200!
/groups/search/*	https://groups-int.crossroads.net/:splat	200!
/map/*	/connect/:splat	302!
/search/*	https://crds-search-int.crossroads.net/:splat	200!
/search-component/*	https://development--crds-search-component.netlify.app/:splat	200!
/proxy/content/*	https://contentint.crossroads.net/:splat	200!
/proxy/gateway/*	https://gatewayint.crossroads.net/gateway/:splat	200!
/mycamps*	https://crds-angular-int.netlify.app/mycamps:splat	200!
/camps/:campId/*	https://crds-angular-int.netlify.app/camps/:campId/	200!
/childcare	https://crds-angular-int.netlify.app/childcare	200!
/childcare/*	https://crds-angular-int.netlify.app/childcare/:splat	200!
/corkboard*	https://crds-angular-int.netlify.app/corkboard:splat	200!
/invoices/*	https://crds-angular-int.netlify.app/invoices/:splat	200!
/undivided/participant/*	https://crds-angular-int.netlify.app/undivided/participant/:splat	200!
/undivided/facilitator/*	https://crds-angular-int.netlify.app/undivided/facilitator/:splat	200!
/mptools/*	https://crds-angular-int.netlify.app/mptools/:splat	200!
/profile/personal	profile/personal-info	302!
/profile/*	https://profile-int.crossroads.net/:splat	200! Role=user
/profile/*	/signin?redirectUrl%3D%2Fprofile%2F%3Asplat	302!
/signin	https://crds-angular-int.netlify.app/signin	200!
/signout	https://crds-angular-int.netlify.app/signout	200!
/register	https://crds-angular-int.netlify.app/register	200!
/forgot-password	https://crds-angular-int.netlify.app/forgot-password	200!
/reset-password*	https://crds-angular-int.netlify.app/reset-password:splat	200!
/impersonate	https://crds-angular-int.netlify.app/impersonate	200!
/volunteer-sign-up	/404.html	404!
/volunteer-sign-up/*	https://crds-angular-int.netlify.app/volunteer-sign-up/:splat	200!
/volunteer-application/*	https://crds-angular-int.netlify.app/volunteer-application/:splat	200!
/leaveyourmark	https://crds-angular-int.netlify.app/leaveyourmark	200!
/serve-signup	https://development.serve.crossroads.net	301!
/sign-up	/404.html	404!
/sign-up/*	https://crds-angular-int.netlify.app/sign-up/:splat	200!
/trips/*	https://crds-angular-int.netlify.app/trips/:splat	200!
/waivers/*	https://crds-angular-int.netlify.app/waivers/:splat	200!
/give	https://sandbox.pushpay.io/g/crossroadscincinnati	301!
/me/giving/*	https://giving-history-int.crossroads.net/:splat	200!
/givinghistory	/me/giving	301!
/series/* autoPlay=:autoPlay sound=:sound	/media/series/:splat?autoPlay%3D%3AautoPlay%26sound%3D%3Asound	302!
/series/* autoPlay=:autoPlay	/media/series/:splat?autoPlay%3D%3AautoPlay	302!
/series/* sound=:sound	/media/series/:splat?sound%3D%3Asound	302!
/series/*	/media/series/:splat	302!
/articles/*	/media/articles/:splat	302!
/podcasts/*	/media/podcasts/:splat	302!
/videos/*	/media/videos/:splat	302!
/message/*	/media/message/:splat	302!
/tags/*	/media/topics/:splat	302!
/topics/*	/media/topics/:splat	302!
/authors/*	/media/authors/:splat	302!
/songs/*	/media/songs/:splat	302!
/oktasignin*	https://crds-signin-int.netlify.app:splat	200!
/signin/*	https://crds-signin-int.netlify.app/signin/:splat	200!
/event-checkin/*	https://development.event-checkin.crossroads.net	302!
/media/music/	https://int.crdsmusic.com	301!
/music/	https://int.crdsmusic.com	301!
/media/songs/god-of-the-breakthrough	https://int.crdsmusic.com/music/god-of-the-breakthrough/god-of-the-breakthrough	301!
/media/songs/oh-the-power	https://int.crdsmusic.com/music/oh-the-power/oh-the-power	301!
/media/songs/little-drummer-boy	https://int.crdsmusic.com/music/christmas/little-drummer-boy	301!
/media/songs/the-first-noel	https://int.crdsmusic.com/music/christmas/the-first-noel	301!
/media/songs/o-come-all-ye-faithful	https://int.crdsmusic.com/music/christmas/o-come-all-ye-faithful	301!
/media/songs/glorious-day-live	https://int.crdsmusic.com/music/you-are-able/glorious-day-live	301!
/media/songs/never-let-go-live	https://int.crdsmusic.com/music/you-are-able/never-let-go-live	301!
/media/songs/you-are-able-song	https://int.crdsmusic.com/music/you-are-able/you-are-able-song	301!
/media/songs/never-let-go-you-are-able	https://int.crdsmusic.com/music/you-are-able/never-let-go-you-are-able	301!
/media/songs/never-let-go-lyric-video	https://int.crdsmusic.com/music/you-are-able/never-let-go-lyric-video	301!
/media/songs/rejoice-live	https://int.crdsmusic.com/music/you-are-able/rejoice-live	301!
/media/songs/lord-of-all-intro	https://int.crdsmusic.com/music/you-are-able/lord-of-all-intro	301!
/media/songs/lord-of-all-you-are-able	https://int.crdsmusic.com/music/you-are-able/lord-of-all-you-are-able	301!
/media/songs/no-longer-slaves-live	https://int.crdsmusic.com/music/you-are-able/no-longer-slaves-live	301!
/media/songs/the-passion-live	https://int.crdsmusic.com/music/you-are-able/the-passion-live	301!
/media/songs/peace-live	https://int.crdsmusic.com/music/you-are-able/peace-live	301!
/media/songs/redemption-song	https://int.crdsmusic.com/music/you-are-able/redemption-song-you-are-able	301!
/media/songs/who-you-say-i-am-live	https://int.crdsmusic.com/music/you-are-able/who-you-say-i-am-live	301!
/media/songs/faithful-you-are-able	https://int.crdsmusic.com/music/you-are-able/faithful-you-are-able	301!
/media/songs/faithful	https://int.crdsmusic.com/music/faithful/faithful	301!
/media/songs/you-are-able-live	https://int.crdsmusic.com/music/you-are-able/you-are-able-live	301!
/media/songs/seek-the-lord	https://int.crdsmusic.com/music/whatever-pleases-you/seek-the-lord	301!
/media/songs/whatever-pleases-you	https://int.crdsmusic.com/music/whatever-pleases-you/whatever-pleases-you	301!
/media/songs/anybody-else	https://int.crdsmusic.com/music/whatever-pleases-you/anybody-else	301!
/media/songs/redemption-song	https://int.crdsmusic.com/music/whatever-pleases-you/redemption-song	301!
/media/songs/redemption-song-remix-live	https://int.crdsmusic.com/redemption-song-remix-live/redemption-song-remix-live	301!
/media/songs/be-strong	https://int.crdsmusic.com/music/whatever-pleases-you/be-strong	301!
/media/songs/not-be-silent	https://int.crdsmusic.com/music/whatever-pleases-you/not-be-silent	301!
/media/songs/psalm-31	https://int.crdsmusic.com/music/whatever-pleases-you/psalm-31	301!
/media/songs/i-will-not-be-consumed	https://int.crdsmusic.com/music/whatever-pleases-you/i-will-not-be-consumed	301!
/media/songs/lord-of-all	https://int.crdsmusic.com/music/whatever-pleases-you/lord-of-all	301!
/media/songs/be-thou-my-vision	https://int.crdsmusic.com/music/whatever-pleases-you/be-thou-my-vision	301!
/media/songs/listen	https://int.crdsmusic.com/music/whatever-pleases-you/listen	301!
/media/songs/*	https://int.crdsmusic.com/:splat	302!
/media/*	https://crds-media-int.crossroads.net//:splat	200!
/onsitegroups	/groups/onsite	301!
/groups/online	/connect/?refinementList%255BgroupType%255D%255B0%255D%3DOnline	301!
/groups/home	/connect/?refinementList%255BgroupType%255D%255B0%255D%3DAt%2520Home	301!
/groups/at-home	/connect/?refinementList%255BgroupType%255D%255B0%255D%3DAt%2520Home	301!
/groups/chaser	/connect	301!
/groups/journey	/connect	301!
/florence/florence-onsite-groups	/groups/onsite/florence	301!
/uptown/uptown-onsite-groups	/groups/onsite/uptown	301!
/westside/west-side-onsite-groups	/groups/onsite/westside	301!
/mason/masononsitegroups/	/groups/onsite/mason	301!
/oakley/oakleyonsitegroups	/groups/onsite/oakley	301!
/eastside/eastsideonsitegroups	/groups/onsite/eastside	301!
/richmondonsitegroups	/groups/onsite/richmond	301!
/lexingtononsitegroups	/groups/onsite/lexington	301!
/georgetownonsitegroups	/groups/onsite/georgetown	301!
/healing/alladdictionsbigbookmeeting	/groups/onsite-healing-groups/all-addictions-big-book-meeting	301!
/griefsupport	/groups/onsite-healing-groups/grief-support	301!
/healing/real-marriage	/groups/onsite-healing-groups/real-marriage	301!
/healing/undefeated	/groups/onsite-healing-groups/undefeated	301!
/momsgroup	/groups/onsite-groups/moms	301!
/fathers	/groups/onsite-groups/fathers	301!
/youngadults	/groups/onsite-groups/young-adults	301!
/onsitegroups/mens	/groups/onsite-groups/mens	301!
/onsitegroups/womens	/groups/onsite-groups/womens	301!
/onsitegroups/financial-peace-university	/groups/onsite-groups/financial-peace-university	301!
/onsitegroups/bible-groups	/groups/onsite-groups/bible-groups	301!
/onsitegroups/going-deeper	/groups/onsite-groups/going-deeper	301!
/healing/aa-groups	/groups/onsite-healing-groups/aa	301!
/healing/severepersistentmentalillness	/groups/onsite-healing-groups/severe-and-persistent-mental-illness-support-group	301!
/healing/transformingbetrayal	/groups/onsite-healing-groups/transforming-betrayal	301!
/healing/mens-healthy-choices	/groups/onsite-healing-groups/mens-healthy-choices	301!
/healing/recovery-and-redemption	/groups/onsite-healing-groups/recovery-and-redemption	301!
/healing/beautyforashes	/groups/onsite-healing-groups/beauty-for-ashes	301!
/cst	/groups/onsite-healing-groups/cst	301!
/healing/eyeswideopen	/groups/onsite-healing-groups/eyes-wide-open	301!
/healing/divorcecare	/groups/onsite-healing-groups/divorce-care	301!
/healing/postpartum-healing	/groups/onsite-healing-groups/postpartum	301!
/groups/onsite-groups/*	/groups/onsite	301!
/*	/404.html	404
/somepath https://dennispadiernos.com/anotherpath 200!
/profile/* 200! Role=admin

/profile/* /	302!
/* /index.html 200
